{
    "all": "All",
    "allincludinghidden": "All (including archived)",
    "browseallcourses": "Browse all courses",
    "card": "Card",
    "favourites": "Starred",
    "future": "Future",
    "hiddencourses": "Archived",
    "inprogress": "In progress",
    "lastaccessed": "Last accessed",
    "list": "List",
    "nocoursesenrolled": "You're not enrolled in any courses yet.",
    "nocoursesenrolleddescription": "Browse all available courses below and start learning.",
    "noresult": "Your search didn't match any courses.",
    "noresultdescription": "Try adjusting your filters or browse all courses below.",
    "past": "Past",
    "pluginname": "Course overview",
    "shortname": "Short name",
    "title": "Course name"
}
