{
  "project_info": {
    "project_number": "428498580071",
    "project_id": "thtnutapp",
    "storage_bucket": "thtnutapp.appspot.com"
  },
  "client": [
    {
      "client_info": {
        "mobilesdk_app_id": "1:428498580071:android:b853086b661e3c966f9ac2",
        "android_client_info": {
          "package_name": "vn.edu.aum.tnut"
        }
      },
      "oauth_client": [
        {
          "client_id": "428498580071-b3a1sr3s5upqt121hjc4omu5hq36bj1l.apps.googleusercontent.com",
          "client_type": 3
        }
      ],
      "api_key": [
        {
          "current_key": "AIzaSyC2O2Pl8jfYvpzVhgPtkcJtS5-WnbTou-4"
        }
      ],
      "services": {
        "appinvite_service": {
          "other_platform_oauth_client": [
            {
              "client_id": "428498580071-b3a1sr3s5upqt121hjc4omu5hq36bj1l.apps.googleusercontent.com",
              "client_type": 3
            }
          ]
        }
      }
    }
  ],
  "configuration_version": "1"
}