{
    "app_id": "vn.edu.aum.tnut",
    "appname": "TNUT Mobile",
    "versioncode": 40200,
    "versionname": "4.0.2",
    "cache_update_frequency_usually": 420000,
    "cache_update_frequency_often": 1200000,
    "cache_update_frequency_sometimes": 3600000,
    "cache_update_frequency_rarely": 43200000,
    "default_lang": "en",
    "languages": {        
        "en": "English",        
        "vi": "Vietnamese",
    },
    "wsservice": "moodle_mobile_app",
    "demo_sites": {
        "student": {
            "url": "https://school.moodledemo.net",
            "username": "student",
            "password": "moodle"
        },
        "teacher": {
            "url": "https://school.moodledemo.net",
            "username": "teacher",
            "password": "moodle"
        }
    },
    "zoomlevels": {
        "normal": 100,
        "low": 110,
        "high": 120
    },
    "customurlscheme": "moodlemobile",
    "siteurl": "https://tnut.aum.edu.vn/",
    "sitename": "TNUT-e",
    "multisitesdisplay": "",
    "sitefindersettings": {},
    "onlyallowlistedsites": false,
    "skipssoconfirmation": false,
    "forcedefaultlanguage": false,
    "privacypolicy": "https://tnut.aum.edu.vn/local/staticpage/view.php?page=privacy",
    "notificoncolor": "#074A7C",
    "enableanalytics": false,
    "enableonboarding": true,
    "forceColorScheme": "",
    "forceLoginLogo": false,
    "ioswebviewscheme": "moodleappfs",
    "appstores": {
        "android": "vn.edu.aum.tnut",
        "ios": "id633359593"
    },
    "wsrequestqueuelimit": 10,
    "wsrequestqueuedelay": 100,
    "calendarreminderdefaultvalue": 3600
}
